{"cameraMode":{"drawMode":0,"name":"Shaded","section":"Shading Mode"},"sceneLighting":true,"audioPlay":false,"sceneViewState":{"showFog":false,"showMaterialUpdate":false,"showSkybox":false,"showFlares":false,"showImageEffects":false,"showParticleSystems":false},"in2DMode":false,"pivot":{"x":-0.5610361099243164,"y":5.419159889221191,"z":11.463804244995118},"rotation":{"x":-0.021859286352992059,"y":0.9780799746513367,"z":-0.1406366378068924,"w":-0.15202614665031434},"size":21.17769432067871,"orthographic":false}